<?xml version="1.0"?>
<Packets>
	<Packet id="FAILURE" type="0"/>
	<Packet id="CREATE_SUCCESS" type="12"/>
	<Packet id="CREATE" type="37"/>
	<Packet id="PLAYERSHOOT" type="40"/>
	<Packet id="MOVE" type="60"/>
	<Packet id="PLAYERTEXT" type="19"/>
	<Packet id="TEXT" type="65"/>
	<Packet id="SHOOT2" type="25"/>
	<Packet id="DAMAGE" type="52"/>
	<Packet id="UPDATE" type="58"/>
	<Packet id="UPDATEACK" type="10"/>
	<Packet id="NOTIFICATION" type="83"/>
	<Packet id="NEW_TICK" type="27"/>
	<Packet id="INVSWAP" type="57"/>
	<Packet id="USEITEM" type="88"/>
	<Packet id="SHOW_EFFECT" type="31"/>
	<Packet id="HELLO" type="42"/>
	<Packet id="GOTO" type="97"/>
	<Packet id="INVDROP" type="24"/>
	<Packet id="INVRESULT" type="92"/>
	<Packet id="RECONNECT" type="100"/>
	<Packet id="PING" type="13"/>
	<Packet id="PONG" type="64"/>
	<Packet id="MAPINFO" type="89"/>
	<Packet id="LOAD" type="96"/>
	<Packet id="PIC" type="47"/>
	<Packet id="SETCONDITION" type="8"/>
	<Packet id="TELEPORT" type="98"/>
	<Packet id="USEPORTAL" type="55"/>
	<Packet id="DEATH" type="95"/>
	<Packet id="BUY" type="59"/>
	<Packet id="BUYRESULT" type="101"/>
	<Packet id="AOE" type="23"/>
	<Packet id="GROUNDDAMAGE" type="86"/>
	<Packet id="PLAYERHIT" type="48"/>
	<Packet id="ENEMYHIT" type="21"/>
	<Packet id="AOEACK" type="39"/>
	<Packet id="SHOOTACK" type="84"/>
	<Packet id="OTHERHIT" type="22"/>
	<Packet id="SQUAREHIT" type="46"/>
	<Packet id="GOTOACK" type="33"/>
	<Packet id="EDITACCOUNTLIST" type="44"/>
	<Packet id="ACCOUNTLIST" type="3"/>
	<Packet id="QUESTOBJID" type="76"/>
	<Packet id="CHOOSENAME" type="91"/>
	<Packet id="NAMERESULT" type="61"/>
	<Packet id="CREATEGUILD" type="75"/>
	<Packet id="CREATEGUILDRESULT" type="53"/>
	<Packet id="GUILDREMOVE" type="94"/>
	<Packet id="GUILDINVITE" type="4"/>
	<Packet id="ALLYSHOOT" type="1"/>
	<Packet id="SHOOT" type="49"/>
	<Packet id="REQUESTTRADE" type="17"/>
	<Packet id="TRADEREQUESTED" type="15"/>
	<Packet id="TRADESTART" type="14"/>
	<Packet id="CHANGETRADE" type="16"/>
	<Packet id="TRADECHANGED" type="28"/>
	<Packet id="ACCEPTTRADE" type="74"/>
	<Packet id="CANCELTRADE" type="82"/>
	<Packet id="TRADEDONE" type="34"/>
	<Packet id="TRADEACCEPTED" type="67"/>
	<Packet id="CLIENTSTAT" type="62"/>
	<Packet id="CHECKCREDITS" type="6"/>
	<Packet id="ESCAPE" type="36"/>
	<Packet id="FILE" type="93"/>
	<Packet id="INVITEDTOGUILD" type="45"/>
	<Packet id="JOINGUILD" type="26"/>
	<Packet id="CHANGEGUILDRANK" type="11"/>
	<Packet id="PLAYSOUND" type="7"/>
	<Packet id="GLOBAL_NOTIFICATION" type="99"/>
	<Packet id="RESKIN" type="68"/>
	<Packet id="_-DP" type="63"/>
	<Packet id="_-yH" type="20"/>
	<Packet id="_-1vk" type="69"/>
	<Packet id="_-21B" type="38"/>
	<Packet id="_-D7" type="77"/>
	<Packet id="_-108" type="5"/>
	<Packet id="_-1bw" type="30"/>
	<Packet id="_-SF" type="85"/>
	<Packet id="ENTER_ARENA" type="41"/>
	<Packet id="_-MK" type="81"/>
	<Packet id="_-0Jl" type="18"/>
	<Packet id="_-0Wb" type="79"/>
	<Packet id="_-2A" type="90"/>
	<Packet id="_-0K" type="80"/>
	<Packet id="_-CN" type="56"/>
	<Packet id="_-bY" type="35"/>
	<Packet id="_-08c" type="51"/>
	<Packet id="_-MO" type="66"/>
	<Packet id="_-22V" type="78"/>
	<Packet id="_-1l-" type="9"/>
	<Packet id="_-P0" type="50"/>
	<Packet id="_-0w8" type="87"/>
</Packets>