<?xml version="1.0" encoding="ISO-8859-1" standalone="no"?><GroundTypes>
   <Ground id="Black Water" type="0x00">
      <Texture>
         <File>lofiEnvironment2</File>
         <Index>0x09</Index>
      </Texture>
      <Animate dx=".5" dy=".5">Wave</Animate>
      <NoWalk/>
      <Speed>1</Speed>
   </Ground>
   <Ground id="Black Water Light" type="0x17">
      <Texture>
         <File>lofiEnvironment2</File>
         <Index>0x0a</Index>
      </Texture>
      <Animate dx="0.5" dy="0.5">Wave</Animate>
      <Sink/>
      <BlendPriority>2</BlendPriority>
      <Speed>0.7</Speed>
   </Ground>
   <Ground id="Castle Stone Floor Tile" type="0x18">
      <Texture>
         <File>lofiEnvironment2</File>
         <Index>0x0b</Index>
      </Texture>
   </Ground>
   <Ground id="Castle Stone Floor Tile Dark" type="0x19">
      <Texture>
         <File>lofiEnvironment2</File>
         <Index>0x0c</Index>
      </Texture>
   </Ground>
   <Ground id="Wood Panel Floor" type="0x1a">
      <Texture>
         <File>lofiEnvironment2</File>
         <Index>0x0d</Index>
      </Texture>
   </Ground>
   <Ground id="Wood Plank Floor" type="0x1b">
      <RandomTexture>
         <Texture>
            <File>lofiEnvironment2</File>
            <Index>0x12</Index>
         </Texture>
         <Texture>
            <File>lofiEnvironment2</File>
            <Index>0x13</Index>
         </Texture>
         <Texture>
            <File>lofiEnvironment2</File>
            <Index>0x14</Index>
         </Texture>
         <Texture>
            <File>lofiEnvironment2</File>
            <Index>0x15</Index>
         </Texture>
         <Texture>
            <File>lofiEnvironment2</File>
            <Index>0x16</Index>
         </Texture>
      </RandomTexture>
   </Ground>
   <Ground id="OceanFloor" type="0x2e">
      <RandomTexture>
         <Texture>
            <File>lofiEnvironment2</File>
            <Index>0x17</Index>
         </Texture>
         <Texture>
            <File>lofiEnvironment2</File>
            <Index>0x17</Index>
         </Texture>
         <Texture>
            <File>lofiEnvironment2</File>
            <Index>0x18</Index>
         </Texture>
         <Texture>
            <File>lofiEnvironment2</File>
            <Index>0x19</Index>
         </Texture>
         <Texture>
            <File>lofiEnvironment2</File>
            <Index>0x1a</Index>
         </Texture>
      </RandomTexture>
      <Edge>
         <Texture>
            <File>lofiEnvironment2</File>
            <Index>0x69</Index>
         </Texture>
      </Edge>
      <Corner>
         <Texture>
            <File>lofiEnvironment2</File>
            <Index>0x6a</Index>
         </Texture>
      </Corner>
      <InnerCorner>
         <Texture>
            <File>lofiEnvironment2</File>
            <Index>0x6b</Index>
         </Texture>
      </InnerCorner>
      <Top>
         <Texture>
            <File>lofiEnvironment2</File>
            <Index>0x6c</Index>
         </Texture>
      </Top>
      <TopAnimate dx=".2" dy=".2">Wave</TopAnimate>
      <Speed>.85</Speed>
      <RandomOffset/>
   </Ground>
   <Ground id="SpiderDirt" type="0x2f">
      <Texture>
         <File>lofiEnvironment</File>
         <Index>0x1c</Index>
      </Texture>
      <Edge>
         <Texture>
            <File>lofiEnvironment2</File>
            <Index>0x23</Index>
         </Texture>
      </Edge>
      <Corner>
         <Texture>
            <File>lofiEnvironment2</File>
            <Index>0x25</Index>
         </Texture>
      </Corner>
      <RandomOffset/>
   </Ground>
   <Ground id="Spider Dirt Hole" type="0x30">
      <Texture>
         <File>lofiEnvironment2</File>
         <Index>0x02</Index>
      </Texture>
      <Edge>
         <Texture>
            <File>lofiEnvironment2</File>
            <Index>0x23</Index>
         </Texture>
      </Edge>
      <Corner>
         <Texture>
            <File>lofiEnvironment2</File>
            <Index>0x25</Index>
         </Texture>
      </Corner>
   </Ground>
   <Ground id="Metal Plates" type="0x31">
      <RandomTexture>
         <Texture>
            <File>lofiEnvironment2</File>
            <Index>0x7e</Index>
         </Texture>
         <Texture>
            <File>lofiEnvironment2</File>
            <Index>0x7f</Index>
         </Texture>
         <Texture>
            <File>lofiEnvironment2</File>
            <Index>0x81</Index>
         </Texture>
      </RandomTexture>
   </Ground>
   <Ground id="Metal Plate Stripes" type="0x32">
      <Texture>
         <File>lofiEnvironment2</File>
         <Index>0x7f</Index>
      </Texture>
   </Ground>
   <Ground id="Purple Stone Dark" type="0x33">
      <Texture>
         <File>lofiEnvironment2</File>
         <Index>0x82</Index>
      </Texture>
   </Ground>
   <Ground id="Jungle Temple Floor" type="0xc5">
      <Texture>
         <File>lofiEnvironment2</File>
         <Index>0x83</Index>
      </Texture>
   </Ground>
   <Ground id="Jungle Temple Floor 2" type="0xc6">
      <Texture>
         <File>lofiEnvironment2</File>
         <Index>0x84</Index>
      </Texture>
   </Ground>
   <Ground id="Stone Slab Floor" type="0xc7">
      <RandomTexture>
         <Texture>
            <File>lofiEnvironment2</File>
            <Index>0x85</Index>
         </Texture>
         <Texture>
            <File>lofiEnvironment2</File>
            <Index>0x86</Index>
         </Texture>
         <Texture>
            <File>lofiEnvironment2</File>
            <Index>0x87</Index>
         </Texture>
         <Texture>
            <File>lofiEnvironment2</File>
            <Index>0x88</Index>
         </Texture>
         <Texture>
            <File>lofiEnvironment2</File>
            <Index>0x89</Index>
         </Texture>
         <Texture>
            <File>lofiEnvironment2</File>
            <Index>0x8a</Index>
         </Texture>
         <Texture>
            <File>lofiEnvironment2</File>
            <Index>0x8b</Index>
         </Texture>
      </RandomTexture>
      <Edge>
         <Texture>
            <File>lofiEnvironment2</File>
            <Index>0x23</Index>
         </Texture>
      </Edge>
      <Corner>
         <Texture>
            <File>lofiEnvironment2</File>
            <Index>0x25</Index>
         </Texture>
      </Corner>
   </Ground>
   <Ground id="Grey Quad Shadows" type="0xc8">
      <Texture>
         <File>lofiEnvironment</File>
         <Index>0x06</Index>
      </Texture>
      <Edge>
         <Texture>
            <File>lofiEnvironment2</File>
            <Index>0x23</Index>
         </Texture>
      </Edge>
      <Corner>
         <Texture>
            <File>lofiEnvironment2</File>
            <Index>0x25</Index>
         </Texture>
      </Corner>
   </Ground>
   <Ground id="Dark Water Flowing" type="0xc9">
      <Texture>
         <File>lofiEnvironment</File>
         <Index>0xbc</Index>
      </Texture>
      <Sink/>
      <NoWalk/>
      <Animate dx="0.065" dy="0.065">Flow</Animate>
   </Ground>
   <Ground id="Tutorial Floor" type="0xca">
      <Texture>
         <File>lofiEnvironment</File>
         <Index>0x15</Index>
      </Texture>
      <Edge>
         <Texture>
            <File>lofiEnvironment2</File>
            <Index>0x23</Index>
         </Texture>
      </Edge>
      <Corner>
         <Texture>
            <File>lofiEnvironment2</File>
            <Index>0x25</Index>
         </Texture>
      </Corner>
   </Ground>
   <Ground id="Bridge" type="0xcb">
      <Texture>
         <File>lofiEnvironment3</File>
         <Index>0x8b</Index>
      </Texture>
   </Ground>
   <Ground id="Tutorial Wood Floor" type="0xcc">
      <RandomTexture>
         <Texture>
            <File>lofiEnvironment3</File>
            <Index>0x8c</Index>
         </Texture>
         <Texture>
            <File>lofiEnvironment3</File>
            <Index>0x8d</Index>
         </Texture>
         <Texture>
            <File>lofiEnvironment3</File>
            <Index>0x8e</Index>
         </Texture>
      </RandomTexture>
   </Ground>
   <Ground id="Gothic Floor Slabs" type="0xcd">
      <Texture>
         <File>lofiEnvironment2</File>
         <Index>0x2b</Index>
      </Texture>
      <Edge>
         <Texture>
            <File>lofiEnvironment2</File>
            <Index>0x23</Index>
         </Texture>
      </Edge>
      <Corner>
         <Texture>
            <File>lofiEnvironment2</File>
            <Index>0x25</Index>
         </Texture>
      </Corner>
   </Ground>
   <Ground id="Gothic Floor Slabs 2" type="0xce">
      <RandomTexture>
         <Texture>
            <File>lofiEnvironment2</File>
            <Index>0x2c</Index>
         </Texture>
         <Texture>
            <File>lofiEnvironment2</File>
            <Index>0x2d</Index>
         </Texture>
      </RandomTexture>
      <Edge>
         <Texture>
            <File>lofiEnvironment2</File>
            <Index>0x23</Index>
         </Texture>
      </Edge>
      <Corner>
         <Texture>
            <File>lofiEnvironment2</File>
            <Index>0x25</Index>
         </Texture>
      </Corner>
   </Ground>
   <Ground id="Gothic Floor Slabs 3" type="0xcf">
      <Texture>
         <File>lofiEnvironment2</File>
         <Index>0x2e</Index>
      </Texture>
      <Edge>
         <Texture>
            <File>lofiEnvironment2</File>
            <Index>0x23</Index>
         </Texture>
      </Edge>
      <Corner>
         <Texture>
            <File>lofiEnvironment2</File>
            <Index>0x25</Index>
         </Texture>
      </Corner>
   </Ground>
   <Ground id="Gothic Big Tile" type="0x6c">
      <Texture>
         <File>lofiEnvironment2</File>
         <Index>0x2f</Index>
      </Texture>
      <Edge>
         <Texture>
            <File>lofiEnvironment2</File>
            <Index>0x23</Index>
         </Texture>
      </Edge>
      <Corner>
         <Texture>
            <File>lofiEnvironment2</File>
            <Index>0x25</Index>
         </Texture>
      </Corner>
   </Ground>
   <Ground id="Gothic Rug" type="0x49">
      <SameTypeEdgeMode/>
      <Texture>
         <File>lofiEnvironment2</File>
         <Index>0x48</Index>
      </Texture>
      <Edge>
         <Texture>
            <File>lofiEnvironment2</File>
            <Index>0x49</Index>
         </Texture>
      </Edge>
      <InnerCorner>
         <Texture>
            <File>lofiEnvironment2</File>
            <Index>0x4a</Index>
         </Texture>
      </InnerCorner>
      <Corner>
         <Texture>
            <File>lofiEnvironment2</File>
            <Index>0x4b</Index>
         </Texture>
      </Corner>
   </Ground>
   <Ground id="Guild Rug Green" type="0xef">
      <SameTypeEdgeMode/>
      <Texture>
         <File>lofiEnvironment2</File>
         <Index>0x27</Index>
      </Texture>
      <Edge>
         <Texture>
            <File>lofiEnvironment2</File>
            <Index>0x28</Index>
         </Texture>
      </Edge>
      <InnerCorner>
         <Texture>
            <File>lofiEnvironment2</File>
            <Index>0x29</Index>
         </Texture>
      </InnerCorner>
   </Ground>
   <Ground id="Wood Plank Floor Dark" type="0xee">
      <RandomTexture>
         <Texture>
            <File>lofiEnvironment2</File>
            <Index>0x38</Index>
         </Texture>
         <Texture>
            <File>lofiEnvironment2</File>
            <Index>0x39</Index>
         </Texture>
         <Texture>
            <File>lofiEnvironment2</File>
            <Index>0x3a</Index>
         </Texture>
      </RandomTexture>
   </Ground>
   <Ground id="Dark Cobblestone" type="0x01">
      <Texture>
         <File>lofiEnvironment2</File>
         <Index>0x3b</Index>
      </Texture>
   </Ground>
   <Ground id="Light Cobblestone" type="0x02">
      <Texture>
         <File>lofiEnvironment2</File>
         <Index>0x3c</Index>
      </Texture>
   </Ground>
   <Ground id="Bright Grass" type="0x23">
      <Texture>
         <File>lofiObj3</File>
         <Index>0x0b</Index>
      </Texture>
      <Edge>
         <Texture>
            <File>lofiObj3</File>
            <Index>0x0c</Index>
         </Texture>
      </Edge>
      <Corner>
         <Texture>
            <File>lofiObj3</File>
            <Index>0x0d</Index>
         </Texture>
      </Corner>
      <InnerCorner>
         <Texture>
            <File>lofiObj3</File>
            <Index>0x0e</Index>
         </Texture>
      </InnerCorner>
      <BlendPriority>11</BlendPriority>
      <RandomOffset/>
   </Ground>
   <Ground id="Bright Grass 2" type="0x22">
      <Texture>
         <File>lofiObj3</File>
         <Index>0x0f</Index>
      </Texture>
      <Edge>
         <Texture>
            <File>lofiObj3</File>
            <Index>0x1f</Index>
         </Texture>
      </Edge>
      <Corner>
         <Texture>
            <File>lofiObj3</File>
            <Index>0x27</Index>
         </Texture>
      </Corner>
      <BlendPriority>4</BlendPriority>
      <RandomOffset/>
   </Ground>
   <Ground id="Red Quad Lava" type="0x21">
      <Texture>
         <File>lofiObj3</File>
         <Index>0x28</Index>
      </Texture>
   </Ground>
   <Ground id="Grey Pathway Shadow" type="0x13">
      <Texture>
         <File>lofiEnvironment2</File>
         <Index>0x95</Index>
      </Texture>
      <Edge>
         <Texture>
            <File>lofiEnvironment2</File>
            <Index>0x4f</Index>
         </Texture>
      </Edge>
      <Speed>1.4</Speed>
      <CompositePriority>1</CompositePriority>
   </Ground>
   <Ground id="Stone Floor Offset" type="0x03">
      <Texture>
         <File>lofiEnvironment2</File>
         <Index>0x3d</Index>
      </Texture>
   </Ground>
   <Ground id="Grey Open" type="0x04">
      <Texture>
         <File>lofiEnvironment</File>
         <Index>0x04</Index>
      </Texture>
   </Ground>
   <Ground id="Grey Closed" type="0x05">
      <Texture>
         <File>lofiEnvironment</File>
         <Index>0x05</Index>
      </Texture>
   </Ground>
   <Ground id="Grey Quad" type="0x06">
      <Texture>
         <File>lofiEnvironment</File>
         <Index>0x06</Index>
      </Texture>
   </Ground>
   <Ground id="Brown Lines" type="0x0c">
      <Texture>
         <File>lofiEnvironment</File>
         <Index>0x0c</Index>
      </Texture>
      <BlendPriority>14</BlendPriority>
   </Ground>
   <Ground id="Oryx Castle Rug" type="0x07">
      <SameTypeEdgeMode/>
      <Texture>
         <File>lofiEnvironment2</File>
         <Index>0x3e</Index>
      </Texture>
      <Edge>
         <Texture>
            <File>lofiEnvironment2</File>
            <Index>0x3f</Index>
         </Texture>
      </Edge>
      <InnerCorner>
         <Texture>
            <File>lofiEnvironment2</File>
            <Index>0x46</Index>
         </Texture>
      </InnerCorner>
      <Corner>
         <Texture>
            <File>lofiEnvironment2</File>
            <Index>0x47</Index>
         </Texture>
      </Corner>
   </Ground>
   <Ground id="Brown Open" type="0x14">
      <Texture>
         <File>lofiEnvironment</File>
         <Index>0x14</Index>
      </Texture>
   </Ground>
   <Ground id="Brown Closed" type="0x15">
      <Texture>
         <File>lofiEnvironment</File>
         <Index>0x15</Index>
      </Texture>
   </Ground>
   <Ground id="Brown Quad" type="0x16">
      <Texture>
         <File>lofiEnvironment</File>
         <Index>0x16</Index>
      </Texture>
   </Ground>
   <Ground id="Dirt" type="0x1c">
      <Texture>
         <File>lofiEnvironment</File>
         <Index>0x1c</Index>
      </Texture>
      <RandomOffset/>
   </Ground>
   <Ground id="Brown Column" type="0x1d">
      <Texture>
         <File>lofiEnvironment</File>
         <Index>0x1d</Index>
      </Texture>
   </Ground>
   <Ground id="Brown Closed Broken 1" type="0x1e">
      <Texture>
         <File>lofiEnvironment2</File>
         <Index>0x21</Index>
      </Texture>
   </Ground>
   <Ground id="Brown Closed Broken 2" type="0x1f">
      <Texture>
         <File>lofiEnvironment2</File>
         <Index>0x22</Index>
      </Texture>
   </Ground>
   <Ground id="Blue Open" type="0x24">
      <Texture>
         <File>lofiEnvironment</File>
         <Index>0x24</Index>
      </Texture>
   </Ground>
   <Ground id="Blue Closed" type="0x25">
      <Texture>
         <File>lofiEnvironment</File>
         <Index>0x25</Index>
      </Texture>
   </Ground>
   <Ground id="Blue Quad" type="0x26">
      <Texture>
         <File>lofiEnvironment</File>
         <Index>0x26</Index>
      </Texture>
   </Ground>
   <Ground id="Blue Quad2" type="0x2c">
      <Texture>
         <File>lofiEnvironment</File>
         <Index>0x2c</Index>
      </Texture>
   </Ground>
   <Ground id="Blue Column" type="0x2d">
      <Texture>
         <File>lofiEnvironment</File>
         <Index>0x2d</Index>
      </Texture>
   </Ground>
   <Ground id="Red Open" type="0x34">
      <Texture>
         <File>lofiEnvironment</File>
         <Index>0x34</Index>
      </Texture>
   </Ground>
   <Ground id="Red Closed" type="0x35">
      <Texture>
         <File>lofiEnvironment</File>
         <Index>0x35</Index>
      </Texture>
   </Ground>
   <Ground id="Red Quad" type="0x36">
      <Texture>
         <File>lofiEnvironment</File>
         <Index>0x36</Index>
      </Texture>
      <BlendPriority>11</BlendPriority>
   </Ground>
   <Ground id="Red Small Checks" type="0x3c">
      <Texture>
         <File>lofiEnvironment</File>
         <Index>0x3c</Index>
      </Texture>
      <BlendPriority>9</BlendPriority>
   </Ground>
   <Ground id="Purple Lines" type="0x40">
      <Texture>
         <File>lofiEnvironment</File>
         <Index>0x40</Index>
      </Texture>
   </Ground>
   <Ground id="Blue BigSmall Squares" type="0x41">
      <Texture>
         <File>lofiEnvironment</File>
         <Index>0x41</Index>
      </Texture>
   </Ground>
   <Ground id="Green Lines" type="0x42">
      <Texture>
         <File>lofiEnvironment</File>
         <Index>0x42</Index>
      </Texture>
   </Ground>
   <Ground id="Green BigSmall Squares" type="0x43">
      <Texture>
         <File>lofiEnvironment</File>
         <Index>0x43</Index>
      </Texture>
   </Ground>
   <Ground id="Light Grass" type="0x46">
      <Texture>
         <File>lofiEnvironment</File>
         <Index>0x46</Index>
      </Texture>
      <BlendPriority>4</BlendPriority>
      <RandomOffset/>
   </Ground>
   <Ground id="Yellow Grass" type="0x47">
      <Texture>
         <File>lofiEnvironment</File>
         <Index>0x47</Index>
      </Texture>
      <BlendPriority>5</BlendPriority>
      <RandomOffset/>
   </Ground>
   <Ground id="Grass" type="0x48">
      <Texture>
         <File>lofiEnvironment</File>
         <Index>0x48</Index>
      </Texture>
      <BlendPriority>6</BlendPriority>
      <RandomOffset/>
   </Ground>
   <Ground id="Grey Quad2" type="0x50">
      <Texture>
         <File>lofiEnvironment</File>
         <Index>0x50</Index>
      </Texture>
   </Ground>
   <Ground id="Grey Squares" type="0x51">
      <Texture>
         <File>lofiEnvironment</File>
         <Index>0x51</Index>
      </Texture>
   </Ground>
   <Ground id="Brown Quad2" type="0x52">
      <Texture>
         <File>lofiEnvironment</File>
         <Index>0x52</Index>
      </Texture>
   </Ground>
   <Ground id="Brown Squares" type="0x53">
      <Texture>
         <File>lofiEnvironment</File>
         <Index>0x53</Index>
      </Texture>
   </Ground>
   <Ground id="Purple Quad2" type="0x54">
      <Texture>
         <File>lofiEnvironment</File>
         <Index>0x54</Index>
      </Texture>
   </Ground>
   <Ground id="Purple Squares" type="0x55">
      <Texture>
         <File>lofiEnvironment</File>
         <Index>0x55</Index>
      </Texture>
   </Ground>
   <Ground id="Dark Grass" type="0x56">
      <Texture>
         <File>lofiEnvironment</File>
         <Index>0x56</Index>
      </Texture>
      <BlendPriority>7</BlendPriority>
      <RandomOffset/>
   </Ground>
   <Ground id="Blue Grass" type="0x57">
      <Texture>
         <File>lofiEnvironment</File>
         <Index>0x57</Index>
      </Texture>
      <BlendPriority>8</BlendPriority>
      <RandomOffset/>
   </Ground>
   <Ground id="Square" type="0x58">
      <Texture>
         <File>lofiEnvironment</File>
         <Index>0x58</Index>
      </Texture>
      <RandomOffset/>
   </Ground>
   <Ground id="Rock" type="0x60">
      <Texture>
         <File>lofiEnvironment</File>
         <Index>0x60</Index>
      </Texture>
      <BlendPriority>10</BlendPriority>
      <RandomOffset/>
   </Ground>
   <Ground id="Grey Circle" type="0x61">
      <Texture>
         <File>lofiEnvironment</File>
         <Index>0x61</Index>
      </Texture>
   </Ground>
   <Ground id="Undergrowth" type="0x62">
      <Texture>
         <File>lofiEnvironment</File>
         <Index>0x62</Index>
      </Texture>
      <BlendPriority>8</BlendPriority>
      <RandomOffset/>
   </Ground>
   <Ground id="Green Circle" type="0x63">
      <Texture>
         <File>lofiEnvironment</File>
         <Index>0x63</Index>
      </Texture>
   </Ground>
   <Ground id="Scorch" type="0x64">
      <Texture>
         <File>lofiEnvironment</File>
         <Index>0x64</Index>
      </Texture>
   </Ground>
   <Ground id="Grey Circle" type="0x65">
      <Texture>
         <File>lofiEnvironment</File>
         <Index>0x65</Index>
      </Texture>
   </Ground>
   <Ground id="Checker Board" type="0x66">
      <Texture>
         <File>lofiEnvironment</File>
         <Index>0x66</Index>
      </Texture>
   </Ground>
   <Ground id="Grey Checker Board" type="0x67">
      <Texture>
         <File>lofiEnvironment</File>
         <Index>0x67</Index>
      </Texture>
   </Ground>
   <Ground id="Brown Checker Board" type="0x68">
      <Texture>
         <File>lofiEnvironment</File>
         <Index>0x68</Index>
      </Texture>
   </Ground>
   <Ground id="Red Checker Board" type="0x69">
      <Texture>
         <File>lofiEnvironment2</File>
         <Index>0x11</Index>
      </Texture>
      <BlendPriority>11</BlendPriority>
   </Ground>
   <Ground id="Snowy Rock" type="0x6a">
      <Texture>
         <File>lofiEnvironment2</File>
         <Index>0x60</Index>
      </Texture>
      <BlendPriority>12</BlendPriority>
      <RandomOffset/>
   </Ground>
   <Ground id="Ice" type="0x6b">
      <Texture>
         <File>lofiEnvironment2</File>
         <Index>0x61</Index>
      </Texture>
      <BlendPriority>13</BlendPriority>
   </Ground>
   <Ground id="Lava" type="0x70">
      <Texture>
         <File>lofiEnvironment</File>
         <Index>0x70</Index>
      </Texture>
      <MinDamage>30</MinDamage>
      <MaxDamage>60</MaxDamage>
      <Animate dx=".33" dy=".33">Flow</Animate>
      <Sink/>
      <Speed>.666</Speed>
   </Ground>
   <Ground id="Water" type="0x72">
      <Texture>
         <File>lofiEnvironment</File>
         <Index>0x72</Index>
      </Texture>
      <Animate dx="1" dy="1">Wave</Animate>
      <BlendPriority>1</BlendPriority>
      <Sink/>
      <Speed>.666</Speed>
   </Ground>
   <Ground id="Shallow Water" type="0x73">
      <Texture>
         <File>lofiEnvironment</File>
         <Index>0x72</Index>
      </Texture>
      <BlendPriority>14</BlendPriority>
      <Sink/>
      <Speed>.666</Speed>
   </Ground>
   <Ground id="White Floor 1" type="0x74">
      <Texture>
         <File>lofiEnvironment2</File>
         <Index>0x90</Index>
      </Texture>
   </Ground>
   <Ground id="White Floor 2" type="0x75">
      <Texture>
         <File>lofiEnvironment2</File>
         <Index>0x91</Index>
      </Texture>
   </Ground>
   <Ground id="White Floor 3" type="0x76">
      <Texture>
         <File>lofiEnvironment2</File>
         <Index>0x92</Index>
      </Texture>
   </Ground>
   <Ground id="White Floor 4" type="0x77">
      <Texture>
         <File>lofiEnvironment2</File>
         <Index>0x93</Index>
      </Texture>
   </Ground>
   <Ground id="White Floor 5" type="0x78">
      <Texture>
         <File>lofiEnvironment2</File>
         <Index>0x94</Index>
      </Texture>
   </Ground>
   <Ground id="Grey Pathway" type="0x79">
      <Texture>
         <File>lofiEnvironment2</File>
         <Index>0x95</Index>
      </Texture>
      <Speed>1.4</Speed>
      <CompositePriority>1</CompositePriority>
   </Ground>
   <Ground id="Pool" type="0x7a">
      <Texture>
         <File>lofiEnvironment</File>
         <Index>0x72</Index>
      </Texture>
      <Sink/>
      <Speed>.666</Speed>
      <CompositePriority>2</CompositePriority>
   </Ground>
   <Ground id="Deep Pool" type="0x7b">
      <Texture>
         <File>lofiEnvironment</File>
         <Index>0x72</Index>
      </Texture>
      <NoWalk/>
      <CompositePriority>2</CompositePriority>
   </Ground>
   <Ground id="GhostGround ExLight" type="0xa6">
      <Texture>
         <File>lofiObj3</File>
         <Index>0x29</Index>
      </Texture>
   </Ground>
   <Ground id="GhostGround Light" type="0x7c">
      <Texture>
         <File>lofiObj3</File>
         <Index>0x2a</Index>
      </Texture>
   </Ground>
   <Ground id="GhostGround Mid" type="0x7d">
      <Texture>
         <File>lofiObj3</File>
         <Index>0x2b</Index>
      </Texture>
      <Edge>
         <Texture>
            <File>lofiEnvironment3</File>
            <Index>0xd7</Index>
         </Texture>
      </Edge>
   </Ground>
   <Ground id="GhostGround Dark" type="0x7e">
      <Texture>
         <File>lofiObj3</File>
         <Index>0x2c</Index>
      </Texture>
      <Edge>
         <Texture>
            <File>lofiEnvironment3</File>
            <Index>0xd7</Index>
         </Texture>
      </Edge>
      <InnerCorner>
         <Texture>
            <File>lofiEnvironment3</File>
            <Index>0xd8</Index>
         </Texture>
      </InnerCorner>
   </Ground>
   <Ground id="Ghostship Rug" type="0x7f">
      <SameTypeEdgeMode/>
      <Texture>
         <File>lofiObj3</File>
         <Index>0x2d</Index>
      </Texture>
      <Edge>
         <Texture>
            <File>lofiObj3</File>
            <Index>0x2e</Index>
         </Texture>
      </Edge>
      <InnerCorner>
         <Texture>
            <File>lofiObj3</File>
            <Index>0x2f</Index>
         </Texture>
      </InnerCorner>
      <Corner>
         <Texture>
            <File>lofiObj3</File>
            <Index>0x37</Index>
         </Texture>
      </Corner>
   </Ground>
   <Ground id="White Alpha Square" type="0xa0">
      <Texture>
         <File>lofiEnvironment2</File>
         <Index>0x30</Index>
      </Texture>
      <XOffset>.0625</XOffset>
      <YOffset>.0625</YOffset>
   </Ground>
   <Ground id="Purple Alpha Square" type="0xa1">
      <Texture>
         <File>lofiEnvironment2</File>
         <Index>0x31</Index>
      </Texture>
      <Animate dx="2.5">Flow</Animate>
      <Push/>
      <XOffset>.0625</XOffset>
      <YOffset>.0625</YOffset>
   </Ground>
   <Ground id="Red Alpha Square" type="0xa2">
      <Texture>
         <File>lofiEnvironment2</File>
         <Index>0x32</Index>
      </Texture>
      <Animate dx="-2.5">Flow</Animate>
      <Push/>
      <XOffset>.0625</XOffset>
      <YOffset>.0625</YOffset>
   </Ground>
   <Ground id="Blue Alpha Square" type="0xa3">
      <Texture>
         <File>lofiEnvironment2</File>
         <Index>0x33</Index>
      </Texture>
      <Animate dy="2.5">Flow</Animate>
      <Push/>
      <XOffset>.0625</XOffset>
      <YOffset>.0625</YOffset>
   </Ground>
   <Ground id="Green Alpha Square" type="0xa4">
      <Texture>
         <File>lofiEnvironment2</File>
         <Index>0x34</Index>
      </Texture>
      <Animate dy="-2.5">Flow</Animate>
      <Push/>
      <XOffset>.0625</XOffset>
      <YOffset>.0625</YOffset>
   </Ground>
   <Ground id="Yellow Alpha Square" type="0xa5">
      <Texture>
         <File>lofiEnvironment2</File>
         <Index>0x35</Index>
      </Texture>
      <XOffset>.0625</XOffset>
      <YOffset>.0625</YOffset>
   </Ground>
   <Ground id="Blue Floor" type="0xad">
      <Texture>
         <File>lofiEnvironment</File>
         <Index>0xad</Index>
      </Texture>
   </Ground>
   <Ground id="Dark Water" type="0xbc">
      <Texture>
         <File>lofiEnvironment</File>
         <Index>0xbc</Index>
      </Texture>
      <Sink/>
      <NoWalk/>
   </Ground>
   <Ground id="Light Sand" type="0xbd">
      <Texture>
         <File>lofiEnvironment</File>
         <Index>0xbd</Index>
      </Texture>
      <BlendPriority>2</BlendPriority>
   </Ground>
   <Ground id="Dark Sand" type="0xbe">
      <Texture>
         <File>lofiEnvironment</File>
         <Index>0xbe</Index>
      </Texture>
      <BlendPriority>3</BlendPriority>
   </Ground>
   <Ground id="Quicksand" type="0xbf">
      <Texture>
         <File>lofiEnvironment2</File>
         <Index>0x08</Index>
      </Texture>
      <BlendPriority>3</BlendPriority>
      <Sinking/>
      <Speed>0.6</Speed>
      <Animate dx=".1" dy=".1">Flow</Animate>
   </Ground>
   <Ground id="Wood Square" type="0xc0">
      <Texture>
         <File>lofiEnvironment</File>
         <Index>0xc0</Index>
      </Texture>
      <Color>0x734722</Color>
      <NoWalk/>
   </Ground>
   <Ground id="Broken Wood Square" type="0xc3">
      <Texture>
         <File>lofiEnvironment</File>
         <Index>0xc3</Index>
      </Texture>
   </Ground>
   <Ground id="Stone Square" type="0xc4">
      <Texture>
         <File>lofiEnvironment</File>
         <Index>0xc4</Index>
      </Texture>
   </Ground>
   <Ground id="Road" type="0xd0">
      <RandomTexture>
         <Texture>
            <File>lofiEnvironment2</File>
            <Index>0x70</Index>
         </Texture>
         <Texture>
            <File>lofiEnvironment2</File>
            <Index>0x71</Index>
         </Texture>
         <Texture>
            <File>lofiEnvironment2</File>
            <Index>0x72</Index>
         </Texture>
         <Texture>
            <File>lofiEnvironment2</File>
            <Index>0x73</Index>
         </Texture>
      </RandomTexture>
      <BlendPriority>16</BlendPriority>
      <Speed>1.2</Speed>
   </Ground>
   <Ground id="Grey Bloody" type="0xd4">
      <RandomTexture>
         <Texture>
            <File>lofiEnvironment2</File>
            <Index>0xd0</Index>
         </Texture>
         <Texture>
            <File>lofiEnvironment2</File>
            <Index>0xd1</Index>
         </Texture>
         <Texture>
            <File>lofiEnvironment2</File>
            <Index>0xd2</Index>
         </Texture>
         <Texture>
            <File>lofiEnvironment2</File>
            <Index>0xd3</Index>
         </Texture>
      </RandomTexture>
   </Ground>
   <Ground id="Purple Stone" type="0xd5">
      <Texture>
         <File>lofiEnvironment2</File>
         <Index>0xf0</Index>
      </Texture>
   </Ground>
   <Ground id="Cracked Purple Stone" type="0xd6">
      <RandomTexture>
         <Texture>
            <File>lofiEnvironment2</File>
            <Index>0xf1</Index>
         </Texture>
         <Texture>
            <File>lofiEnvironment2</File>
            <Index>0xf2</Index>
         </Texture>
         <Texture>
            <File>lofiEnvironment2</File>
            <Index>0xf3</Index>
         </Texture>
         <Texture>
            <File>lofiEnvironment2</File>
            <Index>0xf4</Index>
         </Texture>
         <Texture>
            <File>lofiEnvironment2</File>
            <Index>0xf5</Index>
         </Texture>
      </RandomTexture>
   </Ground>
   <Ground id="Sandstone Tile" type="0xe0">
      <Texture>
         <File>lofiEnvironment2</File>
         <Index>0x03</Index>
      </Texture>
      <BlendPriority>1</BlendPriority>
   </Ground>
   <Ground id="Cracked Sandstone Tile" type="0xe1">
      <Texture>
         <File>lofiEnvironment2</File>
         <Index>0x06</Index>
      </Texture>
   </Ground>
   <Ground id="Sand Covered Tile" type="0xe2">
      <Texture>
         <File>lofiEnvironment2</File>
         <Index>0x06</Index>
      </Texture>
      <BlendPriority>3</BlendPriority>
   </Ground>
   <Ground id="Missing Tile" type="0xe3">
      <Texture>
         <File>lofiEnvironment2</File>
         <Index>0x04</Index>
      </Texture>
      <Speed>0.9</Speed>
   </Ground>
   <Ground id="Gold Tile" type="0xe4">
      <Texture>
         <File>lofiEnvironment2</File>
         <Index>0x05</Index>
      </Texture>
   </Ground>
   <Ground id="Dream Tile" type="0xe5">
      <Texture>
         <File>lofiEnvironment2</File>
         <Index>0x53</Index>
      </Texture>
   </Ground>
   <Ground id="Dirt Hole" type="0xf0">
      <Texture>
         <File>lofiEnvironment2</File>
         <Index>0x02</Index>
      </Texture>
   </Ground>
   <Ground id="Composite" type="0xfd">
      <Texture>
         <File>lofiEnvironment</File>
         <Index>0xff</Index>
      </Texture>
      <CompositePriority>-1</CompositePriority>
   </Ground>
   <Ground id="Space" type="0xfe">
      <Texture>
         <File>lofiEnvironment</File>
         <Index>0xff</Index>
      </Texture>
      <NoWalk/>
      <CompositePriority>-1</CompositePriority>
   </Ground>
   <Ground id="Empty" type="0xff">
      <Texture>
         <File>lofiEnvironment</File>
         <Index>0xff</Index>
      </Texture>
      <NoWalk/>
      <CompositePriority>-1</CompositePriority>
   </Ground>
   <Ground id="Grey Dirt" type="0xf1">
      <Texture>
         <File>lofiEnvironment2</File>
         <Index>0x2a</Index>
      </Texture>
      <BlendPriority>1</BlendPriority>
      <RandomOffset/>
   </Ground>
   <Ground id="Scorch Blend" type="0xf2">
      <Texture>
         <File>lofiEnvironment</File>
         <Index>0x64</Index>
      </Texture>
      <BlendPriority>1</BlendPriority>
      <RandomOffset/>
   </Ground>
   <Ground id="Oryx Room" type="0xf3">
      <RandomTexture>
         <Texture>
            <File>lofiEnvironment</File>
            <Index>0x25</Index>
         </Texture>
         <Texture>
            <File>lofiEnvironment</File>
            <Index>0x26</Index>
         </Texture>
      </RandomTexture>
   </Ground>
   <Ground id="Lava Blend" type="0xf4">
      <Texture>
         <File>lofiEnvironment</File>
         <Index>0x70</Index>
      </Texture>
      <MinDamage>30</MinDamage>
      <MaxDamage>60</MaxDamage>
      <Animate dx=".33" dy=".33">Flow</Animate>
      <Sink/>
      <Speed>.666</Speed>
      <BlendPriority>1</BlendPriority>
   </Ground>
   <Ground id="Gold Sand" type="0xf5">
      <Texture>
         <File>lofiEnvironment3</File>
         <Index>0xcc</Index>
      </Texture>
      <BlendPriority>30</BlendPriority>
   </Ground>
   <Ground id="Gold Sand Dark" type="0xf6">
      <Texture>
         <File>lofiEnvironment3</File>
         <Index>0xcd</Index>
      </Texture>
      <BlendPriority>100</BlendPriority>
   </Ground>
   <Ground id="Sand Tile" type="0xf7">
      <RandomTexture>
         <Texture>
            <File>lofiEnvironment3</File>
            <Index>0xce</Index>
         </Texture>
         <Texture>
            <File>lofiEnvironment3</File>
            <Index>0xcf</Index>
         </Texture>
         <Texture>
            <File>lofiEnvironment3</File>
            <Index>0xd0</Index>
         </Texture>
         <Texture>
            <File>lofiEnvironment3</File>
            <Index>0xd1</Index>
         </Texture>
      </RandomTexture>
   </Ground>
   <Ground id="Purple Rug" type="0xe6">
      <SameTypeEdgeMode/>
      <Texture>
         <File>lofiObj3</File>
         <Index>0x38</Index>
      </Texture>
      <Edge>
         <Texture>
            <File>lofiObj3</File>
            <Index>0x39</Index>
         </Texture>
      </Edge>
      <Corner>
         <Texture>
            <File>lofiObj3</File>
            <Index>0x3a</Index>
         </Texture>
      </Corner>
      <InnerCorner>
         <Texture>
            <File>lofiObj3</File>
            <Index>0x3b</Index>
         </Texture>
      </InnerCorner>
   </Ground>
   <Ground id="Castle Cobble" type="0xe7">
      <Texture>
         <File>lofiObj3</File>
         <Index>0x3f</Index>
      </Texture>
      <Edge>
         <Texture>
            <File>lofiEnvironment3</File>
            <Index>0xd7</Index>
         </Texture>
      </Edge>
      <InnerCorner>
         <Texture>
            <File>lofiEnvironment3</File>
            <Index>0xd8</Index>
         </Texture>
      </InnerCorner>
      <BlendPriority>1</BlendPriority>
   </Ground>
   <Ground id="Black" type="0xe8">
      <Texture>
         <File>lofiEnvironment3</File>
         <Index>0xdc</Index>
      </Texture>
   </Ground>
   <Ground id="GhostWater" type="0xfa">
      <Texture>
         <File>lofiObj3</File>
         <Index>0x171</Index>
      </Texture>
      <Sink/>
      <Speed>0.85</Speed>
      <Animate dx="0.25">Flow</Animate>
   </Ground>
   <Ground id="WhirlPool Rt" type="0xfb">
      <Texture>
         <File>lofiEnvironment3</File>
         <Index>0xe0</Index>
      </Texture>
      <Sink/>
      <Animate dx="-3">Flow</Animate>
      <Push/>
      <XOffset>.0625</XOffset>
      <YOffset>.0625</YOffset>
   </Ground>
   <Ground id="WhirlPool Lf" type="0xfc">
      <Texture>
         <File>lofiEnvironment3</File>
         <Index>0xe1</Index>
      </Texture>
      <Sink/>
      <Animate dx="3">Flow</Animate>
      <Push/>
      <XOffset>.0625</XOffset>
      <YOffset>.0625</YOffset>
   </Ground>
   <Ground id="WhirlPool Up" type="0xeb">
      <Texture>
         <File>lofiEnvironment3</File>
         <Index>0xe2</Index>
      </Texture>
      <Sink/>
      <Animate dy="3">Flow</Animate>
      <Push/>
      <XOffset>.0625</XOffset>
      <YOffset>.0625</YOffset>
   </Ground>
   <Ground id="WhirlPool Dn" type="0xec">
      <Texture>
         <File>lofiEnvironment3</File>
         <Index>0xe3</Index>
      </Texture>
      <Sink/>
      <Animate dy="-3">Flow</Animate>
      <Push/>
      <XOffset>.0625</XOffset>
      <YOffset>.0625</YOffset>
   </Ground>
   <Ground id="Ghost Water Beach" type="0xed">
      <Texture>
         <File>lofiObj3</File>
         <Index>0x10e</Index>
      </Texture>
      <BlendPriority>100</BlendPriority>
   </Ground>
   <Ground id="Lab Broken Floor" type="0xd1">
      <RandomTexture>
         <Texture>
            <File>lofiObj3</File>
            <Index>0x113</Index>
         </Texture>
         <Texture>
            <File>lofiObj3</File>
            <Index>0x114</Index>
         </Texture>
      </RandomTexture>
      <Edge>
         <Texture>
            <File>lofiEnvironment3</File>
            <Index>0xe6</Index>
         </Texture>
      </Edge>
      <Corner>
         <Texture>
            <File>lofiEnvironment3</File>
            <Index>0xe7</Index>
         </Texture>
      </Corner>
   </Ground>
   <Ground id="Lab Grate Floor" type="0xd2">
      <Texture>
         <File>lofiObj3</File>
         <Index>0x115</Index>
      </Texture>
      <Edge>
         <Texture>
            <File>lofiEnvironment3</File>
            <Index>0xe6</Index>
         </Texture>
      </Edge>
      <Corner>
         <Texture>
            <File>lofiEnvironment3</File>
            <Index>0xe7</Index>
         </Texture>
      </Corner>
   </Ground>
   <Ground id="Lab Floor Power" type="0x85">
      <Texture>
         <File>lofiObj3</File>
         <Index>0x116</Index>
      </Texture>
      <Edge>
         <Texture>
            <File>lofiEnvironment3</File>
            <Index>0xe6</Index>
         </Texture>
      </Edge>
      <Corner>
         <Texture>
            <File>lofiEnvironment3</File>
            <Index>0xe7</Index>
         </Texture>
      </Corner>
   </Ground>
   <Ground id="Lab Floor" type="0xd3">
      <RandomTexture>
         <Texture>
            <File>lofiObj3</File>
            <Index>0x117</Index>
         </Texture>
         <Texture>
            <File>lofiObj3</File>
            <Index>0x118</Index>
         </Texture>
         <Texture>
            <File>lofiObj3</File>
            <Index>0x119</Index>
         </Texture>
         <Texture>
            <File>lofiObj3</File>
            <Index>0x11a</Index>
         </Texture>
      </RandomTexture>
      <Edge>
         <Texture>
            <File>lofiEnvironment3</File>
            <Index>0xe6</Index>
         </Texture>
      </Edge>
      <Corner>
         <Texture>
            <File>lofiEnvironment3</File>
            <Index>0xe7</Index>
         </Texture>
      </Corner>
   </Ground>
   <Ground id="Lab Floor NO WALK" type="0xb7">
      <Texture>
         <File>lofiObj3</File>
         <Index>0x117</Index>
      </Texture>
      <NoWalk/>
   </Ground>
   <Ground id="Iron Ground" type="0xea">
      <RandomTexture>
         <Texture>
            <File>lofiObj3</File>
            <Index>0x17b</Index>
         </Texture>
         <Texture>
            <File>lofiObj3</File>
            <Index>0x17c</Index>
         </Texture>
         <Texture>
            <File>lofiObj3</File>
            <Index>0x17d</Index>
         </Texture>
         <Texture>
            <File>lofiObj3</File>
            <Index>0x17e</Index>
         </Texture>
         <Texture>
            <File>lofiObj3</File>
            <Index>0x17f</Index>
         </Texture>
         <Texture>
            <File>lofiObj3</File>
            <Index>0x180</Index>
         </Texture>
         <Texture>
            <File>lofiObj3</File>
            <Index>0x181</Index>
         </Texture>
         <Texture>
            <File>lofiObj3</File>
            <Index>0x182</Index>
         </Texture>
         <Texture>
            <File>lofiObj3</File>
            <Index>0x183</Index>
         </Texture>
         <Texture>
            <File>lofiObj3</File>
            <Index>0x184</Index>
         </Texture>
         <Texture>
            <File>lofiObj3</File>
            <Index>0x184</Index>
         </Texture>
         <Texture>
            <File>lofiObj3</File>
            <Index>0x185</Index>
         </Texture>
         <Texture>
            <File>lofiObj3</File>
            <Index>0x186</Index>
         </Texture>
      </RandomTexture>
      <Edge>
         <RandomTexture>
            <Texture>
               <File>lofiObj3</File>
               <Index>0x17b</Index>
            </Texture>
            <Texture>
               <File>lofiObj3</File>
               <Index>0x17c</Index>
            </Texture>
            <Texture>
               <File>lofiObj3</File>
               <Index>0x185</Index>
            </Texture>
            <Texture>
               <File>lofiObj3</File>
               <Index>0x186</Index>
            </Texture>
         </RandomTexture>
      </Edge>
      <SameTypeEdgeMode/>
   </Ground>
   <Ground id="Light Moss" type="0xe9">
      <Texture>
         <File>lofiObj3</File>
         <Index>0x187</Index>
      </Texture>
      <BlendPriority>2</BlendPriority>
      <RandomOffset/>
   </Ground>
   <Ground id="Light Moss 2" type="0xf8">
      <Texture>
         <File>lofiObj3</File>
         <Index>0x188</Index>
      </Texture>
      <BlendPriority>2</BlendPriority>
      <RandomOffset/>
   </Ground>
   <Ground id="Dirt Cover" type="0xf9">
      <RandomTexture>
         <Texture>
            <File>lofiObj3</File>
            <Index>0x189</Index>
         </Texture>
         <Texture>
            <File>lofiObj3</File>
            <Index>0x18a</Index>
         </Texture>
         <Texture>
            <File>lofiObj3</File>
            <Index>0x18b</Index>
         </Texture>
      </RandomTexture>
      <RandomOffset/>
   </Ground>
   <Ground id="Tropical Water Deep" type="0xb1">
      <Texture>
         <File>lofiObj3</File>
         <Index>0x18c</Index>
      </Texture>
      <Sink/>
      <NoWalk/>
      <Animate dx="0.3" dy="0.3">Wave</Animate>
      <BlendPriority>4</BlendPriority>
   </Ground>
   <Ground id="Tropical Water Mid" type="0xb2">
      <Texture>
         <File>lofiObj3</File>
         <Index>0x18d</Index>
      </Texture>
      <Sink/>
      <Animate dx="0.3" dy="0.3">Wave</Animate>
      <BlendPriority>3</BlendPriority>
      <Speed>.555</Speed>
   </Ground>
   <Ground id="Tropical Water Surf" type="0xb3">
      <Texture>
         <File>lofiObj3</File>
         <Index>0x18e</Index>
      </Texture>
      <Sink/>
      <Animate dx="0.3" dy="0.3">Wave</Animate>
      <BlendPriority>2</BlendPriority>
      <Speed>.85</Speed>
   </Ground>
   <Ground id="Beach Towel 1" type="0xb4">
      <Texture>
         <File>lofiObj3</File>
         <Index>0x18f</Index>
      </Texture>
      <BlendPriority>30</BlendPriority>
   </Ground>
   <Ground id="Beach Towel 2" type="0xb5">
      <Texture>
         <File>lofiObj3</File>
         <Index>0x190</Index>
      </Texture>
      <BlendPriority>30</BlendPriority>
   </Ground>
   <Ground id="Bridge Light" type="0xb6">
      <Texture>
         <File>lofiObj3</File>
         <Index>0x191</Index>
      </Texture>
   </Ground>
   <Ground id="Ice Slide" type="0xb8">
      <RandomTexture>
         <Texture>
            <File>lofiObj3</File>
            <Index>0x1b5</Index>
         </Texture>
         <Texture>
            <File>lofiObj3</File>
            <Index>0x1b6</Index>
         </Texture>
         <Texture>
            <File>lofiObj3</File>
            <Index>0x1b7</Index>
         </Texture>
         <Texture>
            <File>lofiObj3</File>
            <Index>0x1b8</Index>
         </Texture>
         <Texture>
            <File>lofiObj3</File>
            <Index>0x1b9</Index>
         </Texture>
         <Texture>
            <File>lofiObj3</File>
            <Index>0x1ba</Index>
         </Texture>
         <Texture>
            <File>lofiObj3</File>
            <Index>0x1ba</Index>
         </Texture>
         <Texture>
            <File>lofiObj3</File>
            <Index>0x1ba</Index>
         </Texture>
         <Texture>
            <File>lofiObj3</File>
            <Index>0x1ba</Index>
         </Texture>
         <Texture>
            <File>lofiObj3</File>
            <Index>0x1bb</Index>
         </Texture>
         <Texture>
            <File>lofiObj3</File>
            <Index>0x1bc</Index>
         </Texture>
      </RandomTexture>
      <BlendPriority>20</BlendPriority>
      <Speed>.888</Speed>
   </Ground>
   <Ground id="Snow" type="0xb9">
      <RandomTexture>
         <Texture>
            <File>lofiObj3</File>
            <Index>0x1c0</Index>
         </Texture>
         <Texture>
            <File>lofiObj3</File>
            <Index>0x1c0</Index>
         </Texture>
         <Texture>
            <File>lofiObj3</File>
            <Index>0x1c0</Index>
         </Texture>
         <Texture>
            <File>lofiObj3</File>
            <Index>0x1c1</Index>
         </Texture>
         <Texture>
            <File>lofiObj3</File>
            <Index>0x1c2</Index>
         </Texture>
         <Texture>
            <File>lofiObj3</File>
            <Index>0x1c3</Index>
         </Texture>
         <Texture>
            <File>lofiObj3</File>
            <Index>0x1c4</Index>
         </Texture>
         <Texture>
            <File>lofiObj3</File>
            <Index>0x1c5</Index>
         </Texture>
      </RandomTexture>
      <Speed>.95</Speed>
   </Ground>
   <Ground id="Snow Dark" type="0x80">
      <Texture>
         <File>lofiObj3</File>
         <Index>0x1c6</Index>
      </Texture>
      <Speed>.95</Speed>
      <BlendPriority>21</BlendPriority>
   </Ground>
   <Ground id="Snow White" type="0x81">
      <Texture>
         <File>lofiObj3</File>
         <Index>0x1c0</Index>
      </Texture>
      <Speed>.95</Speed>
      <BlendPriority>15</BlendPriority>
   </Ground>
   <Ground id="Lab Bad Vat No Slow" type="0x82">
      <Texture>
         <File>lofiObj3</File>
         <Index>0x133</Index>
      </Texture>
      <Sink/>
   </Ground>
   <Ground id="Lab Good Vat No Slow" type="0x83">
      <Texture>
         <File>lofiObj3</File>
         <Index>0x14e</Index>
      </Texture>
      <Sink/>
   </Ground>
   <Ground id="Liquid Evil" type="0xa8">
      <Texture>
         <File>lofiEnvironment</File>
         <Index>0x71</Index>
      </Texture>
      <MinDamage>25</MinDamage>
      <MaxDamage>40</MaxDamage>
      <Animate dx=".33" dy=".33">Flow</Animate>
      <Sink/>
      <Speed>.666</Speed>
   </Ground>
   <Ground id="Lab Bad Vat Rug" type="0xa9">
      <SameTypeEdgeMode/>
      <Texture>
         <File>lofiObj3</File>
         <Index>0x133</Index>
      </Texture>
      <Edge>
         <Texture>
            <File>lofiObj3</File>
            <Index>0x11e</Index>
         </Texture>
      </Edge>
      <InnerCorner>
         <Texture>
            <File>lofiObj3</File>
            <Index>0x121</Index>
         </Texture>
      </InnerCorner>
      <Sink/>
      <Speed>.666</Speed>
   </Ground>
   <Ground id="Lab Good Vat Rug" type="0xa7">
      <SameTypeEdgeMode/>
      <Texture>
         <File>lofiObj3</File>
         <Index>0x14e</Index>
      </Texture>
      <Edge>
         <Texture>
            <File>lofiObj3</File>
            <Index>0x139</Index>
         </Texture>
      </Edge>
      <InnerCorner>
         <Texture>
            <File>lofiObj3</File>
            <Index>0x13c</Index>
         </Texture>
      </InnerCorner>
      <Sink/>
      <Speed>.666</Speed>
   </Ground>
   <Ground id="Lab Floor Power Nowalk" type="0xaa">
      <Texture>
         <File>lofiObj3</File>
         <Index>0x116</Index>
      </Texture>
      <NoWalk/>
   </Ground>
   <Ground id="Track W End" type="0xab">
      <Texture>
         <File>lofiObj3</File>
         <Index>0x236</Index>
      </Texture>
   </Ground>
   <Ground id="Track N End" type="0xac">
      <Texture>
         <File>lofiObj3</File>
         <Index>0x237</Index>
      </Texture>
   </Ground>
   <Ground id="Track E End" type="0x88">
      <Texture>
         <File>lofiObj3</File>
         <Index>0x238</Index>
      </Texture>
   </Ground>
   <Ground id="Track S End" type="0xae">
      <Texture>
         <File>lofiObj3</File>
         <Index>0x239</Index>
      </Texture>
   </Ground>
   <Ground id="Track NW Corner" type="0xaf">
      <Texture>
         <File>lofiObj3</File>
         <Index>0x23a</Index>
      </Texture>
   </Ground>
   <Ground id="Track NE Corner" type="0xba">
      <Texture>
         <File>lofiObj3</File>
         <Index>0x23b</Index>
      </Texture>
   </Ground>
   <Ground id="Track SE Corner" type="0xbb">
      <Texture>
         <File>lofiObj3</File>
         <Index>0x23c</Index>
      </Texture>
   </Ground>
   <Ground id="Track SW Corner" type="0x89">
      <Texture>
         <File>lofiObj3</File>
         <Index>0x23d</Index>
      </Texture>
   </Ground>
   <Ground id="Track H Path" type="0x84">
      <Texture>
         <File>lofiObj3</File>
         <Index>0x23e</Index>
      </Texture>
      <BlendPriority>1</BlendPriority>
   </Ground>
   <Ground id="Track V Path" type="0x90">
      <Texture>
         <File>lofiObj3</File>
         <Index>0x23f</Index>
      </Texture>
   </Ground>
   <Ground id="Trap Flame Hole" type="0x91">
      <Texture>
         <File>lofiObj3</File>
         <Index>0x240</Index>
      </Texture>
   </Ground>
   <Ground id="Tunnel Hole M" type="0x92">
      <Texture>
         <File>lofiObj3</File>
         <Index>0x241</Index>
      </Texture>
      <NoWalk/>
   </Ground>
   <Ground id="Tunnel Ground M" type="0x93">
      <Texture>
         <File>lofiObj3</File>
         <Index>0x242</Index>
      </Texture>
      <NoWalk/>
   </Ground>
   <Ground id="Track End" type="0x94">
      <Texture>
         <File>lofiObj3</File>
         <Index>0x243</Index>
      </Texture>
   </Ground>
   <Ground id="Retro Water" type="0x95">
      <SameTypeEdgeMode/>
      <Texture>
         <File>lofiObj3</File>
         <Index>0x293</Index>
      </Texture>
      <Sink/>
      <Speed>.666</Speed>
      <BlendPriority>7</BlendPriority>
      <Edge>
         <Texture>
            <File>lofiObj3</File>
            <Index>0x294</Index>
         </Texture>
      </Edge>
      <Corner>
         <Texture>
            <File>lofiObj3</File>
            <Index>0x295</Index>
         </Texture>
      </Corner>
   </Ground>
   <Ground id="Retro Dirt" type="0x96">
      <Texture>
         <File>lofiObj3</File>
         <Index>0x296</Index>
      </Texture>
      <BlendPriority>7</BlendPriority>
   </Ground>
   <Ground id="Candy Grass" type="0x97">
      <Texture>
         <File>lofiEnvironment3</File>
         <Index>0xe9</Index>
      </Texture>
      <BlendPriority>2</BlendPriority>
      <RandomOffset/>
   </Ground>
   <Ground id="Candy Water" type="0x98">
      <Texture>
         <File>lofiObj3</File>
         <Index>0x298</Index>
      </Texture>
      <BlendPriority>5</BlendPriority>
      <Sink/>
      <Speed>.666</Speed>
      <Animate dx="0.085" dy="0.085">Flow</Animate>
   </Ground>
   <Ground id="Candy Cobble" type="0x99">
      <RandomTexture>
         <Texture>
            <File>lofiObj3</File>
            <Index>0x299</Index>
         </Texture>
         <Texture>
            <File>lofiObj3</File>
            <Index>0x29a</Index>
         </Texture>
         <Texture>
            <File>lofiObj3</File>
            <Index>0x29b</Index>
         </Texture>
      </RandomTexture>
      <BlendPriority>1</BlendPriority>
   </Ground>
   <Ground id="Candy Beach" type="0x9a">
      <Texture>
         <File>lofiObj3</File>
         <Index>0x29c</Index>
      </Texture>
      <BlendPriority>6</BlendPriority>
   </Ground>
   <Ground id="Candy Grass Dark" type="0x9b">
      <Texture>
         <File>lofiEnvironment3</File>
         <Index>0xea</Index>
      </Texture>
      <BlendPriority>3</BlendPriority>
      <RandomOffset/>
      <NoWalk/>
   </Ground>
   <Ground id="Candy Rock Ground" type="0x9c">
      <Texture>
         <File>lofiEnvironment3</File>
         <Index>0xeb</Index>
      </Texture>
      <BlendPriority>1</BlendPriority>
      <RandomOffset/>
   </Ground>
   <Ground id="Candy Grahm Cracker" type="0x9e">
      <Texture>
         <File>lofiObj3</File>
         <Index>0x29e</Index>
      </Texture>
      <BlendPriority>1</BlendPriority>
   </Ground>
   <Ground id="Candy Grass Dark 2" type="0x9f">
      <Texture>
         <File>lofiEnvironment3</File>
         <Index>0xea</Index>
      </Texture>
      <BlendPriority>3</BlendPriority>
      <RandomOffset/>
      <NoWalk/>
   </Ground>
   <Ground id="Cemetery Grass" type="0x6d">
      <Texture>
         <File>lofiObj3</File>
         <Index>0x29f</Index>
      </Texture>
      <BlendPriority>3</BlendPriority>
      <RandomOffset/>
   </Ground>
   <Ground id="Cemetery Stone Path" type="0x6e">
      <RandomTexture>
         <Texture>
            <File>lofiObj3</File>
            <Index>0x2a3</Index>
         </Texture>
         <Texture>
            <File>lofiObj3</File>
            <Index>0x2a4</Index>
         </Texture>
      </RandomTexture>
      <BlendPriority>3</BlendPriority>
      <Speed>1.15</Speed>
      <RandomOffset/>
   </Ground>
   <Ground id="Cemetery Grass No Walk" type="0x6f">
      <RandomTexture>
         <Texture>
            <File>lofiObj3</File>
            <Index>0x29f</Index>
         </Texture>
      </RandomTexture>
      <BlendPriority>3</BlendPriority>
      <RandomOffset/>
      <NoWalk/>
   </Ground>
   <Ground id="White Floor 1 Fast Walk" type="0x3a">
      <Texture>
         <File>lofiEnvironment2</File>
         <Index>0x90</Index>
      </Texture>
      <Speed>1.4</Speed>
   </Ground>
   <Ground id="Cemetery Grass Yellow" type="0x3b">
      <RandomTexture>
         <Texture>
            <File>lofiObj3</File>
            <Index>0x2a1</Index>
         </Texture>
         <Texture>
            <File>lofiObj3</File>
            <Index>0x2a2</Index>
         </Texture>
      </RandomTexture>
      <BlendPriority>3</BlendPriority>
   </Ground>
   <Ground id="Cemetery Stone Path No Walk" type="0x3d">
      <RandomTexture>
         <Texture>
            <File>lofiObj3</File>
            <Index>0x2a3</Index>
         </Texture>
         <Texture>
            <File>lofiObj3</File>
            <Index>0x2a4</Index>
         </Texture>
      </RandomTexture>
      <BlendPriority>3</BlendPriority>
      <RandomOffset/>
      <NoWalk/>
   </Ground>
   <Ground id="Zombie Grass" type="0x3e">
      <Texture>
         <File>lofiObj3</File>
         <Index>0x2e1</Index>
      </Texture>
      <BlendPriority>3</BlendPriority>
      <RandomOffset/>
   </Ground>
   <Ground id="Zombie Dirt" type="0x3f">
      <Texture>
         <File>lofiObj3</File>
         <Index>0x2e0</Index>
      </Texture>
      <BlendPriority>6</BlendPriority>
      <RandomOffset/>
   </Ground>
   <Ground id="Fall Grass Shadow" type="0x4a">
      <Texture>
         <File>lofiObj3</File>
         <Index>0x32b</Index>
      </Texture>
      <BlendPriority>4</BlendPriority>
      <RandomOffset/>
      <Edge>
         <Texture>
            <File>lofiEnvironment3</File>
            <Index>0xf2</Index>
         </Texture>
      </Edge>
      <Corner>
         <Texture>
            <File>lofiEnvironment3</File>
            <Index>0xf3</Index>
         </Texture>
      </Corner>
   </Ground>
   <Ground id="Cemetery Grass Flowers" type="0x4b">
      <Texture>
         <File>lofiObj3</File>
         <Index>0x2a0</Index>
      </Texture>
      <BlendPriority>3</BlendPriority>
   </Ground>
   <Ground id="Cemetery Grass Blue Walkable" type="0x4c">
      <Texture>
         <File>lofiObj3</File>
         <Index>0x2ee</Index>
      </Texture>
      <BlendPriority>2</BlendPriority>
      <RandomOffset/>
   </Ground>
   <Ground id="Cemetery Grass Blue" type="0x4d">
      <Texture>
         <File>lofiObj3</File>
         <Index>0x2ee</Index>
      </Texture>
      <BlendPriority>2</BlendPriority>
      <RandomOffset/>
      <NoWalk/>
   </Ground>
   <Ground id="Cemetery Dirt Pile" type="0x4e">
      <Texture>
         <File>lofiObj3</File>
         <Index>0x2ed</Index>
      </Texture>
      <BlendPriority>4</BlendPriority>
      <RandomOffset/>
   </Ground>
   <Ground id="Fall Grass" type="0x4f">
      <Texture>
         <File>lofiObj3</File>
         <Index>0x32b</Index>
      </Texture>
      <BlendPriority>5</BlendPriority>
      <RandomOffset/>
   </Ground>
   <Ground id="Winter Frozen Rock" type="0x8a">
      <Texture>
         <File>lofiObj3</File>
         <Index>0x336</Index>
      </Texture>
      <BlendPriority>5</BlendPriority>
      <RandomOffset/>
   </Ground>
   <Ground id="Ice no Blend" type="0x8b">
      <RandomTexture>
         <Texture>
            <File>lofiObj3</File>
            <Index>0x1b5</Index>
         </Texture>
         <Texture>
            <File>lofiObj3</File>
            <Index>0x1b6</Index>
         </Texture>
         <Texture>
            <File>lofiObj3</File>
            <Index>0x1b7</Index>
         </Texture>
         <Texture>
            <File>lofiObj3</File>
            <Index>0x1b8</Index>
         </Texture>
         <Texture>
            <File>lofiObj3</File>
            <Index>0x1b9</Index>
         </Texture>
         <Texture>
            <File>lofiObj3</File>
            <Index>0x1ba</Index>
         </Texture>
         <Texture>
            <File>lofiObj3</File>
            <Index>0x1ba</Index>
         </Texture>
         <Texture>
            <File>lofiObj3</File>
            <Index>0x1ba</Index>
         </Texture>
         <Texture>
            <File>lofiObj3</File>
            <Index>0x1ba</Index>
         </Texture>
         <Texture>
            <File>lofiObj3</File>
            <Index>0x1bb</Index>
         </Texture>
         <Texture>
            <File>lofiObj3</File>
            <Index>0x1bc</Index>
         </Texture>
      </RandomTexture>
   </Ground>
   <Ground id="Ice no Walk" type="0x8c">
      <RandomTexture>
         <Texture>
            <File>lofiObj3</File>
            <Index>0x1b5</Index>
         </Texture>
         <Texture>
            <File>lofiObj3</File>
            <Index>0x1b6</Index>
         </Texture>
         <Texture>
            <File>lofiObj3</File>
            <Index>0x1b7</Index>
         </Texture>
         <Texture>
            <File>lofiObj3</File>
            <Index>0x1b8</Index>
         </Texture>
         <Texture>
            <File>lofiObj3</File>
            <Index>0x1b9</Index>
         </Texture>
         <Texture>
            <File>lofiObj3</File>
            <Index>0x1ba</Index>
         </Texture>
         <Texture>
            <File>lofiObj3</File>
            <Index>0x1ba</Index>
         </Texture>
         <Texture>
            <File>lofiObj3</File>
            <Index>0x1ba</Index>
         </Texture>
         <Texture>
            <File>lofiObj3</File>
            <Index>0x1ba</Index>
         </Texture>
         <Texture>
            <File>lofiObj3</File>
            <Index>0x1bb</Index>
         </Texture>
         <Texture>
            <File>lofiObj3</File>
            <Index>0x1bc</Index>
         </Texture>
      </RandomTexture>
      <NoWalk/>
   </Ground>
   <Ground id="Japanese Tatami HL" type="0x8d">
      <Texture>
         <File>lofiObj3</File>
         <Index>0x353</Index>
      </Texture>
   </Ground>
   <Ground id="Japanese Tatami HR" type="0x8e">
      <Texture>
         <File>lofiObj3</File>
         <Index>0x354</Index>
      </Texture>
   </Ground>
   <Ground id="Japanese Tatami VT" type="0x8f">
      <Texture>
         <File>lofiObj3</File>
         <Index>0x355</Index>
      </Texture>
   </Ground>
   <Ground id="Japanese Tatami VB" type="0x71">
      <Texture>
         <File>lofiObj3</File>
         <Index>0x356</Index>
      </Texture>
   </Ground>
   <Ground id="Japanese Tatami Square" type="0x0d">
      <RandomTexture>
         <Texture>
            <File>lofiObj3</File>
            <Index>0x355</Index>
         </Texture>
         <Texture>
            <File>lofiObj3</File>
            <Index>0x354</Index>
         </Texture>
      </RandomTexture>
   </Ground>
   <Ground id="Japanese Stone Path" type="0x0e">
      <RandomTexture>
         <Texture>
            <File>lofiObj3</File>
            <Index>0x357</Index>
         </Texture>
         <Texture>
            <File>lofiObj3</File>
            <Index>0x358</Index>
         </Texture>
         <Texture>
            <File>lofiObj3</File>
            <Index>0x359</Index>
         </Texture>
         <Texture>
            <File>lofiObj3</File>
            <Index>0x35a</Index>
         </Texture>
         <Texture>
            <File>lofiObj3</File>
            <Index>0x35b</Index>
         </Texture>
      </RandomTexture>
   </Ground>
   <Ground id="Japanese Moss" type="0x0f">
      <SameTypeEdgeMode/>
      <RandomOffset/>
      <Texture>
         <File>lofiObj3</File>
         <Index>0x35c</Index>
      </Texture>
      <Edge>
         <Texture>
            <File>lofiObj3</File>
            <Index>0x35d</Index>
         </Texture>
      </Edge>
      <InnerCorner>
         <Texture>
            <File>lofiObj3</File>
            <Index>0x35e</Index>
         </Texture>
      </InnerCorner>
      <Corner>
         <Texture>
            <File>lofiObj3</File>
            <Index>0x35e</Index>
         </Texture>
      </Corner>
   </Ground>
   <Ground id="Dragon Tile Purple" type="0x08">
      <RandomTexture>
         <Texture>
            <File>lofiObj3</File>
            <Index>0x35f</Index>
         </Texture>
         <Texture>
            <File>lofiObj3</File>
            <Index>0x360</Index>
         </Texture>
         <Texture>
            <File>lofiObj3</File>
            <Index>0x35f</Index>
         </Texture>
         <Texture>
            <File>lofiObj3</File>
            <Index>0x360</Index>
         </Texture>
         <Texture>
            <File>lofiObj3</File>
            <Index>0x361</Index>
         </Texture>
      </RandomTexture>
   </Ground>
   <Ground id="Dragon Tile Red" type="0x09">
      <RandomTexture>
         <Texture>
            <File>lofiObj3</File>
            <Index>0x362</Index>
         </Texture>
         <Texture>
            <File>lofiObj3</File>
            <Index>0x362</Index>
         </Texture>
         <Texture>
            <File>lofiObj3</File>
            <Index>0x363</Index>
         </Texture>
         <Texture>
            <File>lofiObj3</File>
            <Index>0x363</Index>
         </Texture>
         <Texture>
            <File>lofiObj3</File>
            <Index>0x364</Index>
         </Texture>
      </RandomTexture>
   </Ground>
   <Ground id="Dragon Tile Green" type="0x0b">
      <RandomTexture>
         <Texture>
            <File>lofiObj3</File>
            <Index>0x36a</Index>
         </Texture>
         <Texture>
            <File>lofiObj3</File>
            <Index>0x36a</Index>
         </Texture>
         <Texture>
            <File>lofiObj3</File>
            <Index>0x36b</Index>
         </Texture>
         <Texture>
            <File>lofiObj3</File>
            <Index>0x36b</Index>
         </Texture>
         <Texture>
            <File>lofiObj3</File>
            <Index>0x36c</Index>
         </Texture>
      </RandomTexture>
   </Ground>
   <Ground id="Dragon Tile Blue" type="0x10">
      <RandomTexture>
         <Texture>
            <File>lofiObj3</File>
            <Index>0x36d</Index>
         </Texture>
         <Texture>
            <File>lofiObj3</File>
            <Index>0x36d</Index>
         </Texture>
         <Texture>
            <File>lofiObj3</File>
            <Index>0x36e</Index>
         </Texture>
         <Texture>
            <File>lofiObj3</File>
            <Index>0x36e</Index>
         </Texture>
         <Texture>
            <File>lofiObj3</File>
            <Index>0x36f</Index>
         </Texture>
      </RandomTexture>
   </Ground>
   <Ground id="Dragon Tile Cream" type="0x11">
      <Texture>
         <File>lofiObj3</File>
         <Index>0x370</Index>
      </Texture>
   </Ground>
   <Ground id="Dragon Tile Cream 2" type="0x12">
      <Texture>
         <File>lofiObj3</File>
         <Index>0x371</Index>
      </Texture>
   </Ground>
   <Ground id="Forrest Floor" type="0x20">
      <Texture>
         <File>lofiEnvironment2</File>
         <Index>0x11e</Index>
      </Texture>
      <RandomOffset/>
   </Ground>
   <Ground id="Forrest Floor Edge Rt" type="0x27">
      <Texture>
         <File>lofiEnvironment2</File>
         <Index>0x110</Index>
      </Texture>
      <Top>
         <Texture>
            <File>lofiEnvironment2</File>
            <Index>0x104</Index>
         </Texture>
      </Top>
   </Ground>
   <Ground id="Forrest Floor Edge Lf" type="0x28">
      <Texture>
         <File>lofiEnvironment2</File>
         <Index>0x111</Index>
      </Texture>
      <Top>
         <Texture>
            <File>lofiEnvironment2</File>
            <Index>0x105</Index>
         </Texture>
      </Top>
   </Ground>
   <Ground id="Forrest Floor Edge Bot" type="0x29">
      <Texture>
         <File>lofiEnvironment2</File>
         <Index>0x112</Index>
      </Texture>
      <Top>
         <Texture>
            <File>lofiEnvironment2</File>
            <Index>0x106</Index>
         </Texture>
      </Top>
   </Ground>
   <Ground id="Forrest Floor Edge Top" type="0x2a">
      <Texture>
         <File>lofiEnvironment2</File>
         <Index>0x113</Index>
      </Texture>
      <Top>
         <Texture>
            <File>lofiEnvironment2</File>
            <Index>0x107</Index>
         </Texture>
      </Top>
   </Ground>
   <Ground id="Forrest Floor Corner TR" type="0x37">
      <Texture>
         <File>lofiEnvironment2</File>
         <Index>0x117</Index>
      </Texture>
      <Top>
         <Texture>
            <File>lofiEnvironment2</File>
            <Index>0x109</Index>
         </Texture>
      </Top>
   </Ground>
   <Ground id="Forrest Floor Corner TL" type="0x2b">
      <Texture>
         <File>lofiEnvironment2</File>
         <Index>0x116</Index>
      </Texture>
      <Top>
         <Texture>
            <File>lofiEnvironment2</File>
            <Index>0x108</Index>
         </Texture>
      </Top>
   </Ground>
   <Ground id="Forrest Floor Corner BR" type="0x38">
      <Texture>
         <File>lofiEnvironment2</File>
         <Index>0x115</Index>
      </Texture>
      <Top>
         <Texture>
            <File>lofiEnvironment2</File>
            <Index>0x10b</Index>
         </Texture>
      </Top>
   </Ground>
   <Ground id="Forrest Floor Corner BL" type="0x39">
      <Texture>
         <File>lofiEnvironment2</File>
         <Index>0x114</Index>
      </Texture>
      <Top>
         <Texture>
            <File>lofiEnvironment2</File>
            <Index>0x10a</Index>
         </Texture>
      </Top>
   </Ground>
   <Ground id="Forrest Floor Inner TR" type="0x44">
      <Texture>
         <File>lofiEnvironment2</File>
         <Index>0x118</Index>
      </Texture>
      <Top>
         <Texture>
            <File>lofiEnvironment2</File>
            <Index>0x10c</Index>
         </Texture>
      </Top>
   </Ground>
   <Ground id="Forrest Floor Inner TL" type="0x45">
      <Texture>
         <File>lofiEnvironment2</File>
         <Index>0x119</Index>
      </Texture>
      <Top>
         <Texture>
            <File>lofiEnvironment2</File>
            <Index>0x10d</Index>
         </Texture>
      </Top>
   </Ground>
   <Ground id="Forrest Floor Inner BR" type="0x59">
      <Texture>
         <File>lofiEnvironment2</File>
         <Index>0x11a</Index>
      </Texture>
      <Top>
         <Texture>
            <File>lofiEnvironment2</File>
            <Index>0x10e</Index>
         </Texture>
      </Top>
   </Ground>
   <Ground id="Forrest Floor Inner BL" type="0x5a">
      <Texture>
         <File>lofiEnvironment2</File>
         <Index>0x11b</Index>
      </Texture>
      <Top>
         <Texture>
            <File>lofiEnvironment2</File>
            <Index>0x10f</Index>
         </Texture>
      </Top>
   </Ground>
   <Ground id="Forrest Floor BlackTop" type="0x5b">
      <Texture>
         <File>lofiEnvironment3</File>
         <Index>0xdc</Index>
      </Texture>
      <Top>
         <Texture>
            <File>lofiEnvironment2</File>
            <Index>0x11c</Index>
         </Texture>
      </Top>
   </Ground>
   <Ground id="Forrest Floor FullBlack" type="0x5e">
      <Texture>
         <File>lofiEnvironment3</File>
         <Index>0xdc</Index>
      </Texture>
      <Top>
         <Texture>
            <File>lofiEnvironment3</File>
            <Index>0xdc</Index>
         </Texture>
      </Top>
   </Ground>
   <Ground id="Forest Dirt" type="0x5f">
      <SameTypeEdgeMode/>
      <Texture>
         <File>lofiEnvironment2</File>
         <Index>0x13c</Index>
      </Texture>
      <Edge>
         <Texture>
            <File>lofiEnvironment2</File>
            <Index>0x13d</Index>
         </Texture>
      </Edge>
      <InnerCorner>
         <Texture>
            <File>lofiEnvironment2</File>
            <Index>0x13e</Index>
         </Texture>
      </InnerCorner>
      <Corner>
         <Texture>
            <File>lofiEnvironment2</File>
            <Index>0x13f</Index>
         </Texture>
      </Corner>
   </Ground>
   <Ground id="Japanese Moss No Edge" type="0x86">
      <RandomOffset/>
      <Texture>
         <File>lofiObj3</File>
         <Index>0x39b</Index>
      </Texture>
   </Ground>
   <Ground id="GhostWater Slows" type="0x87">
      <Texture>
         <File>lofiObj3</File>
         <Index>0x171</Index>
      </Texture>
      <Sink/>
      <Speed>0.75</Speed>
      <Animate dx="0.3">Flow</Animate>
   </Ground>
   <Ground id="Pet Yard Dirt" type="0x9d">
      <SameTypeEdgeMode/>
      <RandomTexture>
         <Texture>
            <File>lofiEnvironment2</File>
            <Index>0x12c</Index>
         </Texture>
         <Texture>
            <File>lofiEnvironment2</File>
            <Index>0x14a</Index>
         </Texture>
      </RandomTexture>
      <Edge>
         <Texture>
            <File>lofiEnvironment2</File>
            <Index>0x12d</Index>
         </Texture>
      </Edge>
      <InnerCorner>
         <Texture>
            <File>lofiEnvironment2</File>
            <Index>0x12e</Index>
         </Texture>
      </InnerCorner>
      <Corner>
         <Texture>
            <File>lofiEnvironment2</File>
            <Index>0x12f</Index>
         </Texture>
      </Corner>
   </Ground>
   <Ground id="Pet Yard Grass" type="0x0a">
      <Texture>
         <File>lofiEnvironment2</File>
         <Index>0x14f</Index>
      </Texture>
      <RandomOffset/>
   </Ground>
   <Ground id="Dark Shadow Earth" type="0x5c">
      <RandomTexture>
         <Texture>
            <File>lofiEnvironment3</File>
            <Index>0x100</Index>
         </Texture>
         <Texture>
            <File>lofiEnvironment3</File>
            <Index>0x100</Index>
         </Texture>
         <Texture>
            <File>lofiEnvironment3</File>
            <Index>0x100</Index>
         </Texture>
         <Texture>
            <File>lofiEnvironment3</File>
            <Index>0x100</Index>
         </Texture>
         <Texture>
            <File>lofiEnvironment3</File>
            <Index>0x101</Index>
         </Texture>
         <Texture>
            <File>lofiEnvironment3</File>
            <Index>0x102</Index>
         </Texture>
         <Texture>
            <File>lofiEnvironment3</File>
            <Index>0x103</Index>
         </Texture>
         <Texture>
            <File>lofiEnvironment3</File>
            <Index>0x104</Index>
         </Texture>
         <Texture>
            <File>lofiEnvironment3</File>
            <Index>0x105</Index>
         </Texture>
      </RandomTexture>
      <BlendPriority>1</BlendPriority>
   </Ground>
   <Ground id="Earth Light" type="0xdb">
      <RandomTexture>
         <Texture>
            <File>lofiEnvironment3</File>
            <Index>0x106</Index>
         </Texture>
         <Texture>
            <File>lofiEnvironment3</File>
            <Index>0x106</Index>
         </Texture>
         <Texture>
            <File>lofiEnvironment3</File>
            <Index>0x106</Index>
         </Texture>
         <Texture>
            <File>lofiEnvironment3</File>
            <Index>0x107</Index>
         </Texture>
         <Texture>
            <File>lofiEnvironment3</File>
            <Index>0x108</Index>
         </Texture>
         <Texture>
            <File>lofiEnvironment3</File>
            <Index>0x109</Index>
         </Texture>
      </RandomTexture>
      <BlendPriority>0</BlendPriority>
   </Ground>
   <Ground id="Earthy Grass" type="0xc2">
      <RandomTexture>
         <Texture>
            <File>lofiEnvironment3</File>
            <Index>0x10a</Index>
         </Texture>
         <Texture>
            <File>lofiEnvironment3</File>
            <Index>0x10a</Index>
         </Texture>
         <Texture>
            <File>lofiEnvironment3</File>
            <Index>0x10a</Index>
         </Texture>
         <Texture>
            <File>lofiEnvironment3</File>
            <Index>0x13d</Index>
         </Texture>
         <Texture>
            <File>lofiEnvironment3</File>
            <Index>0x13e</Index>
         </Texture>
      </RandomTexture>
      <BlendPriority>2</BlendPriority>
   </Ground>
   <Ground id="Earth Tile Dark" type="0x5d">
      <RandomTexture>
         <Texture>
            <File>lofiEnvironment3</File>
            <Index>0x123</Index>
         </Texture>
         <Texture>
            <File>lofiEnvironment3</File>
            <Index>0x124</Index>
         </Texture>
         <Texture>
            <File>lofiEnvironment3</File>
            <Index>0x125</Index>
         </Texture>
         <Texture>
            <File>lofiEnvironment3</File>
            <Index>0x126</Index>
         </Texture>
      </RandomTexture>
      <BlendPriority>1</BlendPriority>
   </Ground>
   <Ground id="Earth Tile" type="0xb0">
      <Texture>
         <File>lofiEnvironment3</File>
         <Index>0x122</Index>
      </Texture>
   </Ground>
   <Ground id="Earth Tile 2" type="0xc1">
      <Texture>
         <File>lofiEnvironment3</File>
         <Index>0x127</Index>
      </Texture>
   </Ground>
   <Ground id="Roman Rug" type="0xdd">
      <SameTypeEdgeMode/>
      <Texture>
         <File>lofiEnvironment3</File>
         <Index>0x130</Index>
      </Texture>
      <Edge>
         <Texture>
            <File>lofiEnvironment3</File>
            <Index>0x131</Index>
         </Texture>
      </Edge>
      <InnerCorner>
         <Texture>
            <File>lofiEnvironment3</File>
            <Index>0x132</Index>
         </Texture>
      </InnerCorner>
      <Corner>
         <Texture>
            <File>lofiEnvironment3</File>
            <Index>0x133</Index>
         </Texture>
      </Corner>
   </Ground>
   <Ground id="Golden Earth Sand" type="0xde">
      <Texture>
         <File>lofiEnvironment3</File>
         <Index>0x141</Index>
      </Texture>
      <Speed>0.9</Speed>
      <BlendPriority>4</BlendPriority>
   </Ground>
   <Ground id="Red Earth Water" type="0xdf">
      <Texture>
         <File>lofiEnvironment3</File>
         <Index>0x140</Index>
      </Texture>
      <Sink/>
      <Speed>0.75</Speed>
      <Animate dx=".4" dy=".4">Wave</Animate>
      <BlendPriority>-10</BlendPriority>
   </Ground>
   <Ground id="Arena Dirt" type="0xdc">
      <Texture>
         <File>lofiEnvironment3</File>
         <Index>0x150</Index>
      </Texture>
   </Ground>
   <Ground id="Arena Moss" type="0xd7">
      <Texture>
         <File>lofiEnvironment3</File>
         <Index>0x165</Index>
      </Texture>
   </Ground>
   <Ground id="WhirlPool Start Lf" type="0xd8">
      <Texture>
         <File>lofiEnvironment3</File>
         <Index>0xdf</Index>
      </Texture>
      <Sink/>
      <Animate dx="1.5">Flow</Animate>
      <Push/>
      <XOffset>.0625</XOffset>
      <YOffset>.0625</YOffset>
   </Ground>
   <Ground id="WhirlPool Start Up" type="0xd9">
      <Texture>
         <File>lofiEnvironment3</File>
         <Index>0xde</Index>
      </Texture>
      <Sink/>
      <Animate dy="1.5">Flow</Animate>
      <Push/>
      <XOffset>.0625</XOffset>
      <YOffset>.0625</YOffset>
   </Ground>
   <Ground id="WhirlPool Start Dn" type="0xda">
      <Texture>
         <File>lofiEnvironment3</File>
         <Index>0xde</Index>
      </Texture>
      <Sink/>
      <Animate dy="-1.5">Flow</Animate>
      <Push/>
      <XOffset>.0625</XOffset>
      <YOffset>.0625</YOffset>
   </Ground>
   <Ground id="Arena Edge T" type="0x0100">
      <Texture>
         <File>lofiEnvironment3</File>
         <Index>0x159</Index>
      </Texture>
   </Ground>
   <Ground id="Arena Edge TR" type="0x0101">
      <Texture>
         <File>lofiEnvironment3</File>
         <Index>0x15a</Index>
      </Texture>
   </Ground>
   <Ground id="Arena Edge R" type="0x0102">
      <Texture>
         <File>lofiEnvironment3</File>
         <Index>0x15b</Index>
      </Texture>
   </Ground>
   <Ground id="Arena Edge BR" type="0x0103">
      <Texture>
         <File>lofiEnvironment3</File>
         <Index>0x15c</Index>
      </Texture>
   </Ground>
   <Ground id="Arena Edge B" type="0x0104">
      <Texture>
         <File>lofiEnvironment3</File>
         <Index>0x15d</Index>
      </Texture>
   </Ground>
   <Ground id="Arena Edge BL" type="0x0105">
      <Texture>
         <File>lofiEnvironment3</File>
         <Index>0x15e</Index>
      </Texture>
   </Ground>
   <Ground id="Arena Edge L" type="0x0106">
      <Texture>
         <File>lofiEnvironment3</File>
         <Index>0x15f</Index>
      </Texture>
   </Ground>
   <Ground id="Arena Edge TL" type="0x0107">
      <Texture>
         <File>lofiEnvironment3</File>
         <Index>0x160</Index>
      </Texture>
   </Ground>
   <Ground id="Arena Moss TL" type="0x0108">
      <Texture>
         <File>lofiEnvironment3</File>
         <Index>0x161</Index>
      </Texture>
   </Ground>
   <Ground id="Arena Moss T" type="0x0109">
      <Texture>
         <File>lofiEnvironment3</File>
         <Index>0x162</Index>
      </Texture>
   </Ground>
   <Ground id="Arena Moss TR" type="0x010a">
      <Texture>
         <File>lofiEnvironment3</File>
         <Index>0x163</Index>
      </Texture>
   </Ground>
   <Ground id="Arena Moss L" type="0x010b">
      <Texture>
         <File>lofiEnvironment3</File>
         <Index>0x164</Index>
      </Texture>
   </Ground>
   <Ground id="Arena Moss R" type="0x010c">
      <Texture>
         <File>lofiEnvironment3</File>
         <Index>0x166</Index>
      </Texture>
   </Ground>
   <Ground id="Arena Moss BL" type="0x010d">
      <Texture>
         <File>lofiEnvironment3</File>
         <Index>0x167</Index>
      </Texture>
   </Ground>
   <Ground id="Arena Moss B" type="0x010e">
      <Texture>
         <File>lofiEnvironment3</File>
         <Index>0x168</Index>
      </Texture>
   </Ground>
   <Ground id="Arena Moss BR" type="0x010f">
      <Texture>
         <File>lofiEnvironment3</File>
         <Index>0x169</Index>
      </Texture>
   </Ground>
   <Ground id="Arena Shadow Ground" type="0x0110">
      <Texture>
         <File>lofiEnvironment3</File>
         <Index>0x16b</Index>
      </Texture>
   </Ground>
   <Ground id="Arena Shadow Ground T" type="0x0111">
      <Texture>
         <File>lofiEnvironment3</File>
         <Index>0x16c</Index>
      </Texture>
   </Ground>
   <Ground id="Arena Shadow Ground L" type="0x0112">
      <Texture>
         <File>lofiEnvironment3</File>
         <Index>0x16d</Index>
      </Texture>
   </Ground>
   <Ground id="Arena Shadow Ground D" type="0x0113">
      <Texture>
         <File>lofiEnvironment3</File>
         <Index>0x16e</Index>
      </Texture>
   </Ground>
   <Ground id="Arena Shadow Ground R" type="0x0114">
      <Texture>
         <File>lofiEnvironment3</File>
         <Index>0x16f</Index>
      </Texture>
   </Ground>
   <Ground id="Arena Edge Grass" type="0x0115">
      <Texture>
         <File>lofiEnvironment3</File>
         <Index>0x172</Index>
      </Texture>
   </Ground>
   <Ground id="Arena Shadow Ground TR" type="0x0116">
      <Texture>
         <File>lofiEnvironment3</File>
         <Index>0x17c</Index>
      </Texture>
   </Ground>
   <Ground id="Arena Shadow Ground BL" type="0x0117">
      <Texture>
         <File>lofiEnvironment3</File>
         <Index>0x17d</Index>
      </Texture>
   </Ground>
   <Ground id="Arena Shadow Ground BR" type="0x0118">
      <Texture>
         <File>lofiEnvironment3</File>
         <Index>0x17e</Index>
      </Texture>
   </Ground>
   <Ground id="Arena Shadow Ground TL" type="0x0119">
      <Texture>
         <File>lofiEnvironment3</File>
         <Index>0x17f</Index>
      </Texture>
   </Ground>
   <Ground id="Arena Edge Grass Outer BL" type="0x011a">
      <Texture>
         <File>lofiEnvironment3</File>
         <Index>0x173</Index>
      </Texture>
   </Ground>
   <Ground id="Arena Edge Grass Outer BR" type="0x011b">
      <Texture>
         <File>lofiEnvironment3</File>
         <Index>0x174</Index>
      </Texture>
   </Ground>
   <Ground id="Arena Edge Grass Outer TR" type="0x011c">
      <Texture>
         <File>lofiEnvironment3</File>
         <Index>0x175</Index>
      </Texture>
   </Ground>
   <Ground id="Arena Edge Grass Outer TL" type="0x011d">
      <Texture>
         <File>lofiEnvironment3</File>
         <Index>0x176</Index>
      </Texture>
   </Ground>
   <Ground id="Red Earth Water Deep" type="0x011e">
      <Texture>
         <File>lofiEnvironment3</File>
         <Index>0x144</Index>
      </Texture>
      <Sink/>
      <Speed>0.75</Speed>
      <Animate dx=".4" dy=".4">Wave</Animate>
      <BlendPriority>-12</BlendPriority>
      <NoWalk/>
   </Ground>
   <Ground id="Evil Water" type="0x011f">
      <Texture>
         <File>lofiEnvironment2</File>
         <Index>0x09</Index>
      </Texture>
      <MinDamage>50</MinDamage>
      <MaxDamage>60</MaxDamage>
      <Animate dx=".33" dy=".33">Flow</Animate>
      <Sink/>
      <Speed>.666</Speed>
   </Ground>
   <Ground id="Group Floor Immovable Object" type="0x012a">
      <Texture>
         <File>lofiEnvironment3</File>
         <Index>0x144</Index>
      </Texture>
      <NoWalk/>
   </Ground>
   <Ground id="Puke Water" type="0x012b">
      <Texture>
         <File>lofiObj3</File>
         <Index>0x3fa</Index>
      </Texture>
      <MinDamage>50</MinDamage>
      <MaxDamage>60</MaxDamage>
      <BlendPriority>-3</BlendPriority>
      <Speed>1.2</Speed>
   </Ground>
   <Ground id="New Grass" type="0x012c">
      <Texture>
         <File>lofiObj3</File>
         <Index>0x3fb</Index>
      </Texture>
      <BlendPriority>-2</BlendPriority>
   </Ground>
</GroundTypes>